Brand;Articles
1A FIRST AUTOMOTIVE;69
3Effe Group;13
3F QUALITY;79
3RG;164
4X4 ESTANFI;218
555;41
A.B.A;1
A.B.S.;1329
A.Fyreco;3
AAA;18
ABAKUS;917
ABE;182
Ac Rolcar;139
ACDelco;56
ACDelco Oceania;1
ACI-AVESA;15
ACKOJA;100
ACKOJAP;98
ACR;17
AD JSAutomotive;82
AD KÜHNER;85
ADRIAUTO;79
ADVICS;4
ADVICS-SEA;32
AE TOPLIGHT;95
AEROSUS;1
AES;3
AFA;15
AGC;534
AHE;61
AIC;1061
Airmatic;87
Airstal;9
AIRTEX;1
AISIN;121
AJUSA;22
AKEBONO;113
AKRON-MALÒ;493
AKS DASIS;145
Akuma;13
ALANKO;257
ALCO FILTER;44
ALKAR;1149
AL-KO;16
ALLIGATOR;5
AMC Filter;29
Amity AP;5
AMK;1
ANGLI;11
AP;145
AP XENERGY;124
APC;198
APEC braking;366
APEX;4
APlus;723
APPROVED GREEN;31
APVCarparts;2
Arnott;4
ASAM;188
ASHIKA;259
ASHUKI by Palidium;680
ASIMCO;36
ASMETAL;120
AS-PL;11
ASVA;17
ASYSUM;9
atautoteilegermany;113
ATE;484
ATERAPOOL;53
ATG;9
ATI;66
ATL Autotechnik;1
AUTEX;73
AUTLOG;63
AUTO CYLINDERS;2
AUTOCLIMA;7
AUTOELECTRO;1
AUTOFREN SEINSA;383
AUTOGAMMA;32
AUTOKIT;79
AUTOMEGA;203
Automotive RYME;78
AutomotiveAdriado;121
AUTOMOTOR France;109
AUTO-SPEED PARTS;14
AUTOTEAM;136
AutoTechteile;149
AVA QUALITY COOLING;115
AVS AUTOPARTS;54
AYD;224
B CAR;40
BANDO;12
BannerPool;35
BÄREN;31
BARUM;2
BBA;5
BBR Automotive;123
BBT;12
BECA CABLES;43
BENDIX;470
BENDIX-AU;3
BERAL;6
BERGA;25
BERU by DRiV;8
BGA;441
BH SENS Huf;26
BILSTEIN;46
BINDER;1487
BIRTH;440
BLIC;1228
BLOCKSTEM;16
BLUE PRINT;330
BOGE;2
BORG & BECK;747
BorgWarner (BERU);1
Borsehung;83
BOSCH;50
BOTTO RICAMBI;38
Brake ENGINEERING;204
BRAXIS;124
BRECK;56
BRECO;117
BREDA LORETT;31
BREMBO;556
BREMI;58
BREMSI;217
BRINK;241
BROVEX-NELSON;128
BRÜCK GERMANY;1
BSF;179
BSG;659
BTA;80
BTE;47
BUCHLI;1
BUDWEG CALIPER;197
BUGATTI;1
BUGIAD;12
BV PSH;4
CABOR;120
CALIBER;57
CALORSTAT by Vernet;50
CAR;119
CARPRISS;117
CASALS;97
CASCO;341
CAUTEX;484
CDX;4
CEF;60
CENTRA;35
CEVAM;65
CHAMPION;334
CIAKStarter;12
CIFAM;229
CLEAN FILTERS;25
ClimAir;66
CLUTCHNUS;2
COFLE;137
COGEFA France;154
COMLINE;686
CONTINENTAL;109
CONTINENTAL CTAM;3
Continental/VDO;31
ConWys;71
CoopersFiaam;51
CORTECO;363
CPB;104
CRAFT BEARINGS;15
CS Germany;24
CSV electronic parts;217
CTE;107
CTR;76
CUYMAR;3
DA SILVA;106
DACO Germany;105
DAKAtec;139
DANAHER;120
DAYCO;40
DBA Australia;21
DEEVO;147
DELPHI;736
DENCKERMANN;312
DENSO;161
DEPA;147
DETA;35
DEYE;72
DIAMAX;334
DIEDERICHS;1629
DIPASPORT;95
Distribution Roues;25
DITAS;47
DJ PARTS;130
DODA;15
DOGA;180
DOLZ;7
DON;115
DPA;58
Dr!ve+;131
Dr.Motor Automotive;1
DRI;150
DT Spare Parts;241
DTESystemsGmbH;108
DURACELL;29
DÜRER;54
DYNAMATRIX;1
DYNAMAX;4
DYS;631
E.T.F.;67
EAA;2
EAI;143
EBC Brakes;126
EBI;65
ECS;99
EDR;8
EEC;13
EFI AUTOMOTIVE;17
EIBACH;191
ELECTRIC LIFE;209
ELECTRO AUTO;24
ELRING;9
ELSTOCK;150
ELTA AUTOMOTIVE;651
ENERGIZER;30
ENGITECH;2
EPS;58
EQUAL QUALITY;1444
ERA;259
ERA Benelux;98
ERICH JAEGER;44
ERT;383
ESEN SKV;277
ET ENGINETEAM;1
ETS;252
EURO ESPAÑA;1
EUROBRAKE;299
EURODRIVELINE;14
EUROREPAR;538
EXEDY;1
EXIDE;43
FA1;9
FACAR;85
FACET;58
FAE;43
FAG;387
FAI AutoParts;620
FAL;3
FARCOM;1
FARE SA;412
FAST;631
FBK;44
FEBEST;382
FEBI BILSTEIN;1335
FENOX;109
FERODO;251
FERODO RACING;20
FERRON;404
FI.BA;154
FIAMM;25
FIL FILTER;9
FILTRON;73
FIRST LINE;430
FISPA;312
FKG;57
FLEETGUARD;5
FLENNOR;51
FOMAR Friction;70
FONOS;1
FORMPART;213
FR REDAELLI;239
FRAM;52
FRAP;202
FRECCIA;1
FREMAX;156
FRENKIT;246
FREY;423
fri.tech.;216
FRIESEN;6
FRIGAIR;115
FRONT RUNNER;1
FTE;385
FULMEN;38
GABRIEL;5
GALFER;116
GATES;15
GAUSS;111
GCG TURBOS AUSTRALIA;4
GDW;93
GEBA;2
GEBE;28
GECO;141
GEDORE;38
GENERAL RICAMBI;178
GFQ - GF Quality;2
GGT;7
GIRLING;254
GK;13
GLOBAL;40
GLYSANTIN;16
GMB;37
GNS;24
GOLD;145
GOOM;238
GRAF;4
GREENCAR Automotive;133
GS;20
GSP;536
GUARDIAN;168
HAGEN;17
HAZET;19
HC-Cargo;45
HELLA;521
HELLA PAGID;518
HEMAN;15
HENGST FILTER;76
Henkel Parts;7
HEPU;37
HERTH+BUSS ELPARTS;283
HERTH+BUSS JAKOPARTS;175
HEYNER;59
HIFI FILTER;88
Hi-Q;137
HITACHI;25
HJS;2
HKT;4
HO AUTOPARTES;16
HOFFER;391
HOLA;12
HR;167
HSB GOLD;5
IAP QUALITY PARTS;118
ICER;173
IJS GROUP;76
iMTPMS;30
INA;3
IntAct;29
INTERMOTOR;48
INTFRADIS;34
IPARLUX;687
IPD;73
IPSA;31
ISAMSpA;122
ITSA;5
JAEGER;82
JAPANPARTS;270
JAPKO;270
JC PREMIUM;47
JDEUS;53
JOHNS;551
JP GROUP;498
JTEKT;17
JUMASA;1275
JUNIOR;19
JURATEK;167
JURID;157
K&N Filters;8
KAISHIN;60
KALE;45
KALE OTO RADYATÖR;22
KAMEI;40
KAMOKA;215
KAVO PARTS;188
KAWE;1101
KEY PARTS;121
KILEN;88
KK95KFT;37
KKHandelsgesellsch;10
KLAXCAR FRANCE;492
KLOKKERHOLM;1395
KM International;59
KNECHT;90
KOLBENSCHMIDT;17
KONI;53
KOYO;1
KRAFT AUTOMOTIVE;390
KRIOS;25
KSH EUROPE;87
KUTNAK AUTOMOTIVE;22
KW;58
KWP;4
KYB;77
LA.R.A.;11
LandportBV;16
LASER TOOLS;3
LAUBER;101
LECOY;275
LEMARK;48
LEMFÖRDER;31
LENCO;39
LESJÖFORS;88
LGK;199
LIFT-TEK;209
LINEX;24
LIZARTE;32
LÖBRO;55
LPR;351
LTM;30
LUCAS;420
LUCAS FILTERS;46
LUZAR;2
LYNXauto;3
MADDVSE;39
MAGNETI MARELLI;1303
Magnum Technology;84
MAHLE;295
MANDO;371
MANN-FILTER;124
MAPCO;772
MASTER-SPORT GERMANY;628
MASUMA;33
MAT10;4
MAXGEAR;1172
MaxSensor;5
MaxSrl;46
MAXTECH;432
MAXTRAC;12
MaxtracBV;12
Maysan Mando;23
Mchanix;57
MDR;250
MEAT & DORIA;382
MECAFILTER;71
MECARM;1
MEKRA;35
MELLING-MX;3
MESSMER;6
Metalcaucho;413
METELLI;233
METZGER;1200
MEYLE;880
MFILTER;27
MGA;433
MICHELIN;31
MIDAC;27
MiesslerAutomotive;8
MILES;222
MINTEX;340
MIRAGLIO;211
MISFAT;65
Mistral Filter;40
MK Kashiyama;49
MOBILAND;128
MOBILETRON;88
MOLLBATTERIEN;34
MONROE;338
Montcada;24
MOOG;676
MOTAQUIP;759
MOTIVE;1
MOTORAD;6
Motorcraft;5
Movelex;80
MOVIMA;62
MOVIS;79
MTE-THOMSON;3
MUBEA;18
MULLER FILTER;81
MWD;31
NARVA;84
NATIONAL;94
NECTO;92
NEOLUX®;75
NEW BLOX;44
NIPPARTS;52
NISSENS;119
NK;1004
NORDGLASS;435
NORMA;9
NOVAT IBERICA;4
NPS;226
NRF;146
NSK;41
NTY;339
NWB;23
OCAP;254
ODM-MULTIPARTS;28
OE Germany;5
OLSAPARTSSrl;9
OMB;1
OMG SRL;195
Omnicraft;317
OPEN PARTS;769
OPTIBELT;2
OPTIMAL;766
opzional;42
ORDONEZ;7
OREX;2
ORIGINAL IMPERIUM;242
ORVIP;40
OSRAM;201
OSSCA;985
OXIMO;73
PACO;9
PACOL;3
PAGID;4
Panther;60
PartsTec;38
PASCAL;30
PAYEN;3
PEMEBLA;265
PEWAGTCD;129
PFI;68
PHILIPS;216
PHIRA;94
PIERBURG;6
PILENGA;22
PILKINGTON;794
PIM;31
PJ;2
PLATINUM;17
PMA;47
PMM;195
POINT GEAR;6
PolarPartsGmbH;72
POLIPLAST;157
PowerMax;76
powerROCK;34
PRASCO;1218
Prestone;9
PREXAparts;54
PROCODIS FRANCE;65
PROFIT;107
PROTECH;13
PROTECHNIC;139
PRT;22
PURFLUX;53
PURRO;16
PZL SEDZISZOW;2
QUARO;302
QUICK BRAKE;448
QUICK STEER;101
QUINTON HAZELL;767
R BRAKE;173
RAICAM;179
RAMEDER;645
RAPRO;28
RCA FRANCE;46
REAL;341
RECORD FRANCE;118
RED-LINE;109
RE-EX;150
REINHOCH;204
REMANTE;2
REMSA;195
REMUS;1
REMY;228
RENSI;53
REPKIT;79
RESTAGRAF;429
REVITA;32
RICAMBIFLEX GM;67
RIDEX;879
ROADHOUSE;152
ROC;88
ROCKET;36
ROTA;7
ROTINGER;266
RPLQuality;83
RUD;122
rutecGmbH;39
RYCO;5
SACHS;4
SACHS PERFORMANCE;1
SAFA;29
Saiko;2
SAKURA;12
Saleri SIL;6
SAMKO;351
SAMPIYON FILTER;17
SANDO;341
SASIC;359
sbs;233
SCCFahrzeugtechnik;45
Schaeferbarthold;471
SchferbartholdGmbH;891
SCHOENEK;113
SCHRADER;32
SCT - MANNOL;166
Seiken;15
SEIM;276
SEKURIT;707
SEM LASTIK;2
SenCom;47
SERA;143
SERCORE;36
Servotec;42
SHAFTEC;250
SIAAM;41
SIARIA;77
SIDAT;315
SIDEM;706
SIGAM;2
SIGMAUTO;195
SIKA;11
SIVENTO;55
SKANIMPORT;48
SKF;363
SKT;2
SNR;152
SNRA;143
SOFIMA;52
SOMORA;10
SONNAK;36
SONOVA;29
SONTIAN;41
SPAHN GLÜHLAMPEN;79
SpeedMate;26
SPICER;1
SPIDAN;135
SPIDAN CHASSIS PARTS;665
SPILU;826
SPJ;327
STABILUS;81
Stahlbus;3
Stahlmaxx;16
STARDAX;4
Stark;851
STARLINE;311
STARTCRAFT;31
StartVOLT;15
STATIM;6
STC;413
STec;32
STELLOX;361
Storm;227
S-TR;6
STsuspensions;114
ST-TEMPLIN;112
SUPLEX;28
SWAG;1128
SWF;84
SWGAutomotive;129
SWSTAHL;1
SYNCRONIX;35
TALOSA;688
TCMATIC;11
TEBO;3
Technika;473
TECHNOX;23
TECNECO FILTERS;80
TECNOCAR;47
TEDGUM;151
TEKNOROT;418
TENACITY;1
TEXTAR;624
The NewLine;7
THERMOTEC;96
TIMKEN;7
TMI;150
TOMEX Brakes;101
TOOR;113
TOPRAN;311
TQ;365
TRADEX FRANCE;29
TrakMotive;83
TREEZER;8
TREVI AUTOMOTIVE;121
TRIALLI;21
TRICLO;531
TRICO;173
TRIFA;31
TRISCAN;1213
TRUCKLIGHT;1
TRUCKTEC AUTOMOTIVE;416
TRUSTING;216
TRW;821
TUDOR;40
TURBORAIL;2
TYC;616
UCEL;152
UFI;52
ULO;137
UNIGOM;197
UNIPOINT;1
Uranio;15
ÜRO Parts;74
URW;11
VAICO;983
VALEO;484
VAN WEZEL;1481
VARTA;35
VEGAZ;1
VEGE;41
VEMA;469
VEMO;702
VICTOR REINZ;1
VIGNAL;24
VIGOR;4
VIKA;225
VILLAR;249
VITAL SUSPENSIONS;183
VITALE;4
VMF;23
WAECO;29
WAI;116
WaldAntriebe;68
WALKER;1
WALKER PRODUCTS;3
WALSER;342
WAT;41
WE PARTS;380
WEBASTO;47
Weissenfels;123
WESTFALIA;135
WiCHMANN;97
WILMINK GROUP;1331
WITTER;17
WIX FILTERS;74
WOKING;134
WOLVER;349
WXQP;1034
YAMATO;15
YUASA;34
ZAFFO;62
ZEKKERT;613
ZF;1
ZIMMERMANN;229
ZM;48
ZZVF;126
