Brand;Articles (PDM)
A.B.S.;3081
ABAKUS;1442
AE;44
AIC;694
Airmatic;109
AIRTEX;23
AISIN;39
AJUSA;943
AKS DASIS;338
ALANKO;91
ALKAR;1224
AL-KO;40
AMC;17
APC;2
Arnott;1
AS;15
ASHIKA;907
ASMET;1
ASSO;5
ATE;1151
ATERAPOOL;95
AUTEX;24
AVA QUALITY COOLING;97
B CAR;5
BARUM;1
BE TURBO;40
BENDIX;82
BERU by DRiV;10
BH SENS Huf;1
BILSTEIN;910
BIRTH;1
BLIC;1
BLUE PRINT;1444
BM CATALYSTS;21
BORG & BECK;1613
BorgWarner;1
BorgWarner (BERU);28
BorgWarner (Wahler);6
Borsehung;1
BOSAL;34
BOSCH;74
BREMBO;1184
BREMI;237
BRINK;526
BTS Turbo;23
BUDWEG CALIPER;488
BUGIAD;1
CALORSTAT by Vernet;183
CHAMPION;433
CIFAM;265
CLEAN FILTERS;87
ClimAir;4
CONTINENTAL;68
CONTINENTAL CTAM;115
Continental/VDO;7
CoopersFiaam;17
CORTECO;771
CS Germany;10
DACO Germany;80
DAKAtec;198
DAYCO;61
DELPHI;1523
DENSO;325
DIEDERICHS;2565
DOLZ;40
DT Spare Parts;101
DUNLOP;1
EBERSPÄCHER;9
Eberspaecher;10
EIBACH;484
ELRING;952
ELSTOCK;321
ELWIS ROYAL;127
EPS;6
ERA;555
ERA Benelux;2
ERICH JAEGER;129
ERNST;4
ESEN SKV;558
EUROBRAKE;405
EUROTEC;43
FA1;2
FACET;284
FAE;176
FAG;349
FAI AutoParts;864
Faurecia;13
FEBEST;1446
FEBI BILSTEIN;3527
FERODO;312
FILTRON;209
FIRST LINE;935
FLENNOR;80
FRENKIT;9
FRIESEN;4
FRIGAIR;178
FTE;642
GARRETT;7
GATES;305
GEBA;26
GEBE;126
GEDORE;76
GK;1
GLYCO;54
GLYSANTIN;17
GOETZE ENGINE;28
GRAF;28
GSP;769
HASTINGS PISTON RING;173
HAZET;39
HELLA;51
HELLA PAGID;891
HENGST FILTER;250
HEPU;95
HERTH+BUSS ELPARTS;329
HERTH+BUSS JAKOPARTS;1250
HITACHI;198
HJS;36
HOFFER;589
HR;453
HUTCHINSON;110
IMASAF;2
INA;224
IPSA;268
JAEGER;5
JAPANPARTS;908
JOHNS;498
JP GROUP;1027
JURID;233
K&N Filters;156
KAMEI;25
KAMOKA;446
KEY PARTS;126
KILEN;142
KLARIUS;12
KLOKKERHOLM;1
KNECHT;267
KOLBENSCHMIDT;276
KONI;174
KRAFT AUTOMOTIVE;562
KW;209
KYB;121
LEMFÖRDER;63
LESJÖFORS;184
LIZARTE;26
LÖBRO;142
LPR;462
LRT;1
LUCAS;69
LuK;13
MAGNETI MARELLI;1856
MAHLE;834
MANN-FILTER;295
MAPCO;1341
MAXGEAR;1674
MEAT & DORIA;1329
MESSMER;10
METELLI;79
METZGER;2501
MEYER;2
MEYLE;1982
MONROE;647
MOOG;940
MOTAIR TURBO;37
NGK;136
NIPPARTS;446
NISSENS;306
NK;1540
NRF;321
NSK;26
NÜRAL;21
OPTIBELT;8
OPTIMAL;1285
OSRAM;211
OSVAT;3
PAYEN;141
PETEC;4
PEWAGTCD;51
PHILIPS;207
PHIRA;1
PIERBURG;205
PILKINGTON;948
PMA;8
POLMO;4
PowerMax;108
PRASCO;2049
Prestone;4
PURFLUX;207
QUINTON HAZELL;38
REMSA;268
REMY;119
RTS;400
RUD;95
SACHS;11
SACHS PERFORMANCE;3
SAKURA;7
Saleri SIL;36
SASIC;520
SCCFahrzeugtechnik;39
SCHLÜTTER TURBOLADER;43
SCHOENEK;39
SCHRADER;18
SEKURIT;1514
Servotec;52
SIDEM;890
SKF;602
SNR;254
SPAHN GLÜHLAMPEN;87
SPIDAN;360
STABILUS;391
STec;71
SWF;136
SWSTAHL;43
TEDGUM;286
TEXTAR;777
TOPRAN;1856
TRIFA;3
TRISCAN;2603
TRUCKTEC AUTOMOTIVE;648
TRW;1253
TRW Engine Component;63
TYC;505
ULO;450
VAICO;1972
VALEO;1313
VAN WEZEL;1864
VARTA;53
VEGAZ;129
VEMO;1711
VICTOR REINZ;644
VIGOR;4
WABCO;1
WAECO;50
WALKER;64
WESTFALIA;408
WIX FILTERS;199
ZF;3
ZIMMERMANN;794
