BrandName;Articles (TD)
1A FIRST AUTOMOTIVE;2272
3Effe Group;7995
3F QUALITY;663
3RG;5067
4u;1
555;2632
A.B.A;1018
A.B.S.;32402
ABAKUS;26938
ABE;5300
Ac Rolcar;3546
ACDelco;922
ACI-AVESA;3535
ACKOJAP;6587
ACPS-ORIS;2403
ACR;2502
AD JSAutomotive;4241
AD KÜHNER;7019
ADVICS;1171
AE;991
AEROSUS;188
AES;3792
AFA;42
AGC;8716
AHE;5684
AIC;8518
AINDE;3848
Airmatic;571
AIRTEX;1021
AISIN;7532
AISIN-AU;431
AJUSA;25679
AKEBONO;3933
AKRON-MALÒ;23925
AKS DASIS;12476
ALANKO;30876
ALCO FILTER;2411
ALKAR;13778
AL-KO;1306
ALLIGATOR;5
ALLMAKES;3336
AMC;2020
AMC Filter;1569
AMK;12
ANGLI;1833
AP;2672
APC;8619
APEC braking;10702
APEX;1760
APPROVED GREEN;22385
APVCarparts;64
Arnott;533
AS;1717
ASAM;5385
ASHIKA;33333
ASHUKI by Palidium;14389
ASIMCO;1343
ASMET;1238
ASMETAL;1622
AS-PL;4348
ASSO;6537
ASVA;5774
ASYSUM;3946
ATE;9529
ATERAPOOL;720
ATI;9219
ATL Autotechnik;3081
AUTEX;8130
AUTLOG;4538
AUTOCLIMA;397
AUTOELECTRO;3146
AUTOFREN SEINSA;6480
AUTOGAMMA;5965
AUTOKIT;5946
AUTOMEGA;4736
Automotive RYME;542
AutomotiveAdriado;3131
AUTOMOTOR France;862
AUTO-SPEED PARTS;844
AUTOTEAM;13083
AutoTechteile;817
AVA QUALITY COOLING;9029
AVS AUTOPARTS;2604
AYD;4563
B CAR;577
BANDO;786
BannerPool;125
BÄREN;65
BARUM;21
BBA;78
BBR Automotive;4619
BBT;1546
BE TURBO;3825
BEHR;11
BENDIX;13325
BENDIX-AU;1513
BERAL;61
BERGA;59
BERU by DRiV;868
BF;62
BGA;23725
BGS;243
BH SENS Huf;63
BILSTEIN;7411
BINDER;19935
BIRTH;13349
BLIC;24814
BLOCKSTEM;573
BLUE PRINT;22934
BM CATALYSTS;6042
BOGE;65
BORG & BECK;25267
BorgWarner;250
BorgWarner (3K);99
BorgWarner (AWD);30
BorgWarner (BERU);619
BorgWarner (Wahler);505
Borsehung;1477
BOSAL;6410
BOSCH;364
Brake ENGINEERING;7531
BRAXIS;4823
BRECAV;914
BRECK;724
BRECO;2646
BREDA LORETT;3085
BREMBO;13499
BREMI;6698
BREMSI;4681
BRINK;2796
BRISK;290
BROVEX-NELSON;8043
BSF;6728
BSG;15730
BTA;2688
BTS Turbo;4168
BUCHLI;6786
BUDWEG CALIPER;6606
BUGATTI;843
BUGIAD;464
BV PSH;4321
CABOR;3611
CAFFARO;1148
CALIBER;5371
CALIX;387
CALORSTAT by Vernet;2189
CAR;8214
CARPRISS;146
CASALS;1883
CASCO;11624
CAUTEX;22674
CDX;2880
CEF;4214
CENTRA;164
CEVAM;11046
CHAMPION;3774
CIAKStarter;37
CIFAM;8842
CLEAN FILTERS;1352
ClimAir;2417
CLUTCHNUS;4205
CMParts;37
COFLE;8514
COMLINE;11177
CONTINENTAL;1416
CONTINENTAL CTAM;2889
Continental/VDO;867
CoopersFiaam;1655
CORTECO;18210
CPB;3172
CPTEC4YOU;597
CRAFT BEARINGS;120
CRK;1866
CS Germany;3193
CSV electronic parts;11671
CTE;2692
CTR;1091
CUYMAR;87
DA SILVA;20024
DACO Germany;3950
DAKAtec;3114
DANAHER;2983
DAYCO;6190
DBA Australia;3690
DELPHI;20090
DENCKERMANN;10361
DENSO;5340
DENSO-AU;6
DEPA;13646
DETA;174
DIAMAX;8269
DIEDERICHS;44528
DINEX;636
DIPASPORT;8036
Distribution Roues;442
DITAS;2024
DJ PARTS;8582
DODA;1504
DOGA;4344
DOLZ;1155
DON;1273
DÖNMEZ;21
DPA;3182
Dr!ve+;3522
DRI;11584
DT Spare Parts;3681
DTESystemsGmbH;39689
DUNLOP;252
DURACELL;55
DÜRER;1827
DYNAMATRIX;3
DYNAMAX;8
DYS;10951
E.T.F.;3600
EAA;2265
EAI;14018
EATON;14
EBERSPÄCHER;3430
Eberspaecher;633
ECS;1295
EDELMANN;653
EDR;3029
EEC;3780
EFI AUTOMOTIVE;2405
EIBACH;6152
ELECTRIC LIFE;3795
ELECTRO AUTO;5612
ELRING;9987
ELSTOCK;11584
ELTA AUTOMOTIVE;20571
ELWIS ROYAL;2050
ENERGIZER;65
EPS;3334
EQUAL QUALITY;53931
ERA;13225
ERA Benelux;11382
ERICH JAEGER;1087
ERNST;2247
ERT;6480
ESEN SKV;10172
ET ENGINETEAM;2174
ETS;8710
EUROBRAKE;6374
EUROCABLE;1419
EURODRIVELINE;1123
EUROREPAR;11398
EUROTEC;3894
EXEDY;3277
EXEDY-AU;1463
EXIDE;178
EYQUEM;388
EZ;20
FA1;6221
FACET;3334
FAE;3930
FAG;5336
FAI AutoParts;11757
FAL;2364
FARCOM;3853
FARE SA;11291
FAST;6011
Faurecia;4842
FEBEST;12227
FEBI BILSTEIN;32264
FENNO;5607
FENOX;3333
FERODO;5798
FERODO RACING;493
FERRON;5455
FI.BA;2589
FIAMM;65
FIL FILTER;1179
FILTRON;2125
FINWHALE;3
FIRST LINE;13738
FISPA;17335
FLEETGUARD;291
FLENNOR;3832
FOMAR Friction;1999
FONOS;5668
FORMPART;7986
FR REDAELLI;3555
FRAM;1709
FRAP;2975
FRAS-LE;66
FRECCIA;3965
FREMAX;3118
FRENKIT;4725
fri.tech.;5935
Frielitz;1
FRIESEN;5457
FRIGAIR;5997
FTE;12000
FULMEN;173
G+M KAT;372
GABRIEL;123
Gabriel-MX;472
GALFER;1491
GARRETT;821
GATES;10014
GAUSS;1532
GCG Turbo Australia;1283
GDW;3424
GEBA;501
GEBE;2265
GEDORE;625
GENERAL RICAMBI;13196
GGT;1154
GIRLING;9053
GK;2407
GKN;113
GLASER;11433
GLYCO;975
GLYSANTIN;21
GMB;3732
GOETZE ENGINE;1135
GOLD;6872
GOODWILL;1
GRAF;1098
GREENCAR Automotive;25688
GS;182
GSP;19197
GT Exhausts;267
GUARDIAN;4803
GUARNITAUTO;2169
HAMMER;21
HANSAMOBIL;5
HASTINGS PISTON RING;8959
HAZET;129
HC-Cargo;4233
HELLA;8603
HELLA PAGID;8589
HENGST FILTER;1968
HEPU;4691
HERTH+BUSS ELPARTS;3708
HERTH+BUSS JAKOPARTS;19218
HIDRIA;174
HITACHI;3178
HJS;4126
HKT;246
HOFFER;22121
HOLA;126
HOTEC;1212
HR;7072
HSB GOLD;616
HUTCHINSON;4716
ICER;2885
IJS GROUP;3221
IMASAF;9586
iMTPMS;106
INA;4048
IntAct;70
INTERMOTOR;6539
INTERVALVES;969
INTFRADIS;542
IPARLUX;8545
IPD;9827
IPSA;13443
ISAMSpA;2780
ITSA;174
JAEGER;1401
JANMOR;2053
JAPANPARTS;33781
JAPKO;33781
JC PREMIUM;1616
JDEUS;3058
JOHNS;6830
JP GROUP;14959
JTEKT;236
JUMASA;21756
JUNIOR;1058
JURATEK;1748
JURID;2708
K&N Filters;2793
KAISHIN;6715
KALE;446
KALE OTO RADYATÖR;1248
KAMEI;606
KAMOKA;6792
KAVO PARTS;23865
KAWE;37860
KEY PARTS;1785
KILEN;6632
KING;6584
KK95KFT;2564
KKHandelsgesellsch;10
KLARIUS;5639
KLAXCAR FRANCE;7658
KLOKKERHOLM;28076
KM International;5412
KNECHT;2286
KOLBENSCHMIDT;4791
KONI;1604
KOYO;272
KRAFT AUTOMOTIVE;11401
KRIOS;1482
KS TOOLS;66
KSH EUROPE;881
KW;3334
KWP;1098
KYB;4146
LA.R.A.;243
LandportBV;164
LASER TOOLS;408
LAUBER;4579
LECOY;6176
LEMFÖRDER;440
LENCO;2605
LESJÖFORS;6632
LGK;6701
LIFT-TEK;3782
LIQUI MOLY;8
LIZARTE;3886
LÖBRO;3287
LPR;14616
LRT;1023
LTM;1123
LUCAS;18901
LUCAS FILTERS;1390
LuK;3099
LUZAR;367
LYNXauto;391
MABYPARTS;514
MADDVSE;3858
MAGNETI MARELLI;34641
Magnum Technology;3196
MAHLE;13695
MANN-FILTER;2459
MAPA;926
MAPCO;24522
MASTER-SPORT GERMANY;14714
MAXGEAR;26116
MaxSrl;862
MAXTECH;12044
MAXTRAC;3981
MaxtracBV;3981
Maysan Mando;604
MDR;33178
MEAT & DORIA;21491
MECAFILTER;2277
MECARM;1838
MEKRA;110
MESSMER;4682
Metalcaucho;19746
METELLI;12102
METZGER;30636
MEYER;3566
MEYLE;19886
MFILTER;1254
MGA;18656
MICHELIN;135
MIDAC;68
MiesslerAutomotive;383
MINTEX;4898
MIRAGLIO;3828
MISFAT;1834
MITSUBOSHI;894
MK Kashiyama;1316
MOBILETRON;3589
MOLLBATTERIEN;81
Monark;48
MONROE;11385
MONROE-AU;5
Montcada;835
MOOG;7494
MOTAIR TURBO;3268
MOTAQUIP;17043
MOTORAD;1361
MOTORCRAFT;982
MTE-THOMSON;1183
MTS;4171
MUBEA;4583
MULLER FILTER;2297
MWD;514
NAP;3206
NARVA;120
NATIONAL;3727
NE;1909
NECTO;1628
NEOLUX®;90
NEXUS;461
NGK;3820
NIPPARTS;10491
NISSENS;5115
NISSHINBO;1
NK;23225
NORDGLASS;6334
NORMA;34
Novak;3091
NPS;31116
NRF;6194
NSK;429
NÜRAL;726
NWB;77
OBERLAND;141
OCAP;6309
ODM-MULTIPARTS;5063
OLSAPARTSSrl;615
Omnicraft;4091
OPEN PARTS;9777
OPTIBELT;2768
OPTIMAL;34515
opzional;1045
ORDONEZ;912
OREX;55
ORIGINAL IMPERIUM;13767
ORVIP;242
OSRAM;295
OSSCA;27665
OSVAT;949
OXIMO;322
PACOL;7
PAGID;15
Panther;198
PARKER RACOR;1
PASCAL;1622
PAYEN;3819
PE Automotive;92
PEMEBLA;38207
PETEC;5
PEWAGTCD;218
PHILIPS;295
PHIRA;1944
PIERBURG;2499
PIKA;15374
PILENGA;1356
PILKINGTON;16450
PIM;1874
PJ;5
PLATINUM;83
PMA;1312
PMM;3699
PNEUMATICS;4
PolarPartsGmbH;4440
POLIPLAST;737
POLMO;3119
PowerMax;2853
powerROCK;88
PRASCO;36742
PRESTOLITE ELECTRIC;224
Prestone;9
PROCODIS FRANCE;5063
PROFIT;6894
PROTECHNIC;9822
PURFLUX;1742
PZL SEDZISZOW;711
QUARO;3001
QUICK STEER;804
QUINTON HAZELL;35546
R BRAKE;2883
RAICAM;4299
RAMEDER;9431
RAPRO;4130
RCA FRANCE;2854
RECORD FRANCE;2791
RE-EX;10951
REMANTE;5110
REMSA;7578
REMUS;558
REMY;8684
RENSI;551
REPKIT;5946
ROADHOUSE;5916
ROC;6632
ROTA;96
ROTINGER;7038
RTS;4033
RUD;147
RUFRE;2502
rutecGmbH;161
RYCO;1872
RYMEC;1737
SACHS;363
SACHS PERFORMANCE;425
SAFA;64
SAKURA;1042
Saleri SIL;791
SAMPIYON FILTER;683
SANDO;11623
SASIC;12123
SBP;29
sbs;5611
SCCFahrzeugtechnik;166
SchferbartholdGmbH;9952
SCHLÜTTER TURBOLADER;3133
SCHOENEK;2338
SCHRADER;118
SCT - MANNOL;20776
Seiken;2874
SEIM;7327
SEKURIT;12145
SEM LASTIK;101
SenCom;438
SERA;13903
SERCORE;7109
Servotec;5698
SHAFTEC;20745
SIDAT;17595
SIDEM;7543
SIEGEL AUTOMOTIVE;14
SIGAM;11268
SIKA;11
SIVENTO;823
SKANIMPORT;5920
SKF;12374
SNR;5448
SNRA;13898
SOFIMA;2085
SogefiPro;116
SOMORA;68
SONNAK;168
SPAHN GLÜHLAMPEN;127
SpeedMate;2964
SPICER;138
SPIDAN;9746
SPILU;11602
SPJ;6876
STABILUS;2225
Stahlbus;27
STARLINE;3974
STARTCRAFT;160
StartVOLT;1277
STATIM;2213
STC;19746
STec;2091
STELLOX;24789
S-TR;104
STsuspensions;2854
ST-TEMPLIN;672
SUPLEX;4356
SUPSAN;783
SWAG;27886
SWF;361
SWGAutomotive;317
SWSTAHL;143
TALOSA;11267
TCMATIC;331
TECHNOX;2815
TECNECO FILTERS;2140
TECNOCAR;1375
TEDGUM;5824
TEKNOROT;6488
TENACITY;443
TESLA;1255
TEXTAR;12647
The NewLine;1605
THERMOTEC;7365
TIMKEN;348
TMI;11583
TOMEX Brakes;1802
TOPRAN;20828
TopTurbo;904
TQ;7948
TRADEX FRANCE;643
TrakMotive;5068
TREVI AUTOMOTIVE;4841
TRIALLI;1067
TRICLO;5249
TRICO;314
TRIFA;92
TRISCAN;42244
TRUCKFRENOS;88
TRUCKLIGHT;27
TRUCKTEC AUTOMOTIVE;8321
TRUSTING;5935
TRW;24967
TRW Engine Component;863
TUDOR;170
turbo by Intec;396
TURBO-MOT;3497
TURBORAIL;850
TURBO'S HOET;2442
TURBOS MIGNE;549
TYC;8797
UFI;2179
ULO;1703
UNIGOM;8422
UNIPOINT;806
ÜRO Parts;3978
URW;2204
VAICO;22034
VALEO;20693
VAN WEZEL;29995
VARTA;163
VEGAZ;24192
VEGE;4185
VEMA;11550
VEMO;14956
VENEPORTE;5388
VICTOR REINZ;10922
VIGOR;10
VIKA;8286
VILLAR;8912
VITAL SUSPENSIONS;6064
VMF;124
WABCO;16
WAECO;1012
WAI;5984
WaldAntriebe;1420
WALKER;5517
WALKER PRODUCTS;2068
WALSER;1525
WAT;2449
WE PARTS;21733
WEBASTO;1835
Weissenfels;138
WESTFALIA;2069
WESTLAKE;724
WiCHMANN;164
WILMINK GROUP;207581
WITTER;1238
WIX FILTERS;2212
WOKING;5602
YAMATO;3186
YENMAK;1185
YUASA;240
ZAFFO;759
ZEKKERT;15726
ZF;506
ZIMMERMANN;4198
ZM;851
ZZVF;3045
